rot_trt,estimate,std.error,df,statistic,p.value
2y,558.2780934343436,307.49861276655395,12,1.815546705760835,0.0944938390269653
4y,292.6925505050507,307.498612766554,12,0.9518499868071153,0.359952377243109
