year,rot_trt,mean_roots_added_kgha
2019,2y,924.0056818181816
2019,4y,816.4457070707072
2020,2y,192.55050505050494
2020,4y,-304.7138047138047
