rot_trt,term,contrast,null.value,estimate,std.error,df,statistic,p.value
2y,samp_time,beg - end,0,-558.2780934343432,302.92314002656536,20.011299435028235,-1.8429694522029054,0.08019799674045516
4y,samp_time,beg - end,0,-333.47800925925907,317.48958669054724,20.403503988001926,-1.0503588880988892,0.3058354725287312
