name,rot_trt,estimate,std.error,df,statistic,p.value
beg,2y,514.559659090908,214.73707976256227,23.23197858172876,2.3962310545522163,0.02499896213901742
end,2y,1072.8377525252524,214.73707976256205,23.231978581728708,4.996052631951152,4.583644294462211e-5
beg,4y,781.4472853535357,214.737079762562,23.231978581728708,3.6390887229052087,0.0013556104277804863
end,4y,1114.9252946127947,234.838715543952,23.198767518532225,4.747621328239326,8.553852396888504e-5
