term,contrast,null.value,estimate,std.error,df,statistic,p.value,respvar
rot_trt,2y - 4y,0,-0.6256452727542298,0.06012869091211729,243.7225652687743,-10.405103840837954,3.2142892484557262e-21,corn yields
