term,contrast,null.value,estimate,std.error,df,statistic,p.value,respvar
rot_trt,2y - 4y,0,-0.7243595572489265,0.07601724167789556,158.99999999999872,-9.528885043188264,2.6195730698859648e-17,corn yields
